Nome do Participante 1,participante1@email.com,Participante,5
Nome do Participante 2,participante2@email.com,Participante,5
Nome do Participante 3,participante3@email.com,Participante,5
Nome do Participante 4,participante4@email.com,Participante,5
Nome do Participante 5,participante5@email.com,Participante,5
Nome do Participante 6,participante6@email.com,Participante,5
Nome do Participante 7,participante7@email.com,Participante,5
Nome do Participante 8,participante8@email.com,Participante,5
Nome do Participante 9,participante9@email.com,Participante,5
Nome do Participante 10,participante10@email.com,Participante,5
Nome do Participante 11,participante11@email.com,Participante,5
Nome do Participante 12,participante12@email.com,Participante,5
Nome do Participante 13,participante13@email.com,Participante,5
Nome do Participante 14,participante14@email.com,Participante,5
Nome do Participante 15,participante15@email.com,Participante,5
Nome do Organizador 1,organizador1@email.com,Organizador,4
Nome do Organizador 2,organizador2@email.com,Organizador,4
